{"cameraMode":{"drawMode":0,"name":"Shaded","section":"Shading Mode"},"sceneLighting":false,"audioPlay":false,"sceneViewState":{"showFog":true,"showMaterialUpdate":false,"showSkybox":false,"showFlares":true,"showImageEffects":true,"showParticleSystems":true},"in2DMode":false,"pivot":{"x":19.49997329711914,"y":3.125,"z":20.999977111816408},"rotation":{"x":-0.23043636977672578,"y":-0.6529309153556824,"z":0.21883918344974519,"w":-0.6875275373458862},"size":14.746024131774903,"orthographic":false}